Subject,Start Date,Start Time,End Date,End Time,All Day Event,Description,Location,Private
【1852年】正月、諸大名江戸城登城,01/01/2026,,01/01/2026,,True,"【1852-01-01の出来事を追体験】
和暦: 嘉永4年12月10日
人物: 徳川家慶
解説: 年頭拝賀、泰平継続
タグ: 政治

本来の日付: 1852-01-01
追体験日付: 2026-01-01",,False
【1852年】正月二日年賀継続,01/02/2026,,01/02/2026,,True,"【1852-01-02の出来事を追体験】
和暦: 嘉永4年12月11日
人物: 幕閣
解説: 年始儀礼
タグ: 政治

本来の日付: 1852-01-02
追体験日付: 2026-01-02",,False
【1852年】三日とろろ,01/03/2026,,01/03/2026,,True,"【1852-01-03の出来事を追体験】
和暦: 嘉永4年12月12日
人物: 江戸庶民
解説: 正月伝統行事
タグ: 社会

本来の日付: 1852-01-03
追体験日付: 2026-01-03",,False
【1852年】七草粥,01/07/2026,,01/07/2026,,True,"【1852-01-07の出来事を追体験】
和暦: 嘉永4年12月16日
人物: 一般民衆
解説: 無病息災祈願
タグ: 社会

本来の日付: 1852-01-07
追体験日付: 2026-01-07",,False
【1852年】昌平坂学問所新年講義,01/10/2026,,01/10/2026,,True,"【1852-01-10の出来事を追体験】
和暦: 嘉永4年12月19日
人物: 幕府
解説: 儒学教育継続
タグ: 学問

本来の日付: 1852-01-10
追体験日付: 2026-01-10",,False
【1852年】鏡開き,01/11/2026,,01/11/2026,,True,"【1852-01-11の出来事を追体験】
和暦: 嘉永4年12月20日
人物: 全国
解説: 武家・庶民共通行事
タグ: 社会

本来の日付: 1852-01-11
追体験日付: 2026-01-11",,False
【1852年】小正月,01/15/2026,,01/15/2026,,True,"【1852-01-15の出来事を追体験】
和暦: 嘉永4年12月24日
人物: 全国
解説: 望月の祝い
タグ: 社会

本来の日付: 1852-01-15
追体験日付: 2026-01-15",,False
【1852年】寺社参詣,01/16/2026,,01/16/2026,,True,"【1852-01-16の出来事を追体験】
和暦: 嘉永4年12月25日
人物: 庶民
解説: 年始寺社巡り
タグ: 宗教

本来の日付: 1852-01-16
追体験日付: 2026-01-16",,False
【1852年】大寒,01/20/2026,,01/20/2026,,True,"【1852-01-20の出来事を追体験】
和暦: 嘉永4年12月29日
人物: 暦
解説: 一年で最も寒い時期
タグ: 自然

本来の日付: 1852-01-20
追体験日付: 2026-01-20",,False
【1852年】諸藩新年政務開始,01/25/2026,,01/25/2026,,True,"【1852-01-25の出来事を追体験】
和暦: 嘉永5年1月4日
人物: 諸藩
解説: 藩政運営再開
タグ: 政治

本来の日付: 1852-01-25
追体験日付: 2026-01-25",,False
【1852年】嘉永5年政務本格化,02/01/2026,,02/01/2026,,True,"【1852-02-01の出来事を追体験】
和暦: 嘉永5年1月11日
人物: 幕府
解説: 年次政策推進
タグ: 政治

本来の日付: 1852-02-01
追体験日付: 2026-02-01",,False
【1852年】立春,02/04/2026,,02/04/2026,,True,"【1852-02-04の出来事を追体験】
和暦: 嘉永5年1月14日
人物: 暦
解説: 春の始まり
タグ: 自然

本来の日付: 1852-02-04
追体験日付: 2026-02-04",,False
【1852年】蘭学私塾活動,02/10/2026,,02/10/2026,,True,"【1852-02-10の出来事を追体験】
和暦: 嘉永5年1月20日
人物: 蘭学者
解説: 西洋医学・砲術研究
タグ: 学問

本来の日付: 1852-02-10
追体験日付: 2026-02-10",,False
【1852年】佐久間象山砲術指導,02/15/2026,,02/15/2026,,True,"【1852-02-15の出来事を追体験】
和暦: 嘉永5年1月25日
人物: 佐久間象山
解説: 西洋兵学伝授
タグ: 軍事

本来の日付: 1852-02-15
追体験日付: 2026-02-15",,False
【1852年】雨水,02/19/2026,,02/19/2026,,True,"【1852-02-19の出来事を追体験】
和暦: 嘉永5年1月29日
人物: 暦
解説: 雪が雨に変わる頃
タグ: 自然

本来の日付: 1852-02-19
追体験日付: 2026-02-19",,False
【1852年】反射炉建設準備,02/20/2026,,02/20/2026,,True,"【1852-02-20の出来事を追体験】
和暦: 嘉永5年1月30日
人物: 諸藩
解説: 大砲製造技術
タグ: 軍事

本来の日付: 1852-02-20
追体験日付: 2026-02-20",,False
【1852年】児玉源太郎誕生,02/25/2026,,02/25/2026,,True,"【1852-02-25の出来事を追体験】
和暦: 嘉永5年2月5日
人物: 児玉源太郎
解説: のちの陸軍大将・台湾総督
タグ: 人物

本来の日付: 1852-02-25
追体験日付: 2026-02-25",,False
【1852年】月末幕政会議,02/28/2026,,02/28/2026,,True,"【1852-02-28の出来事を追体験】
和暦: 嘉永5年2月8日
人物: 幕閣
解説: 定例政務処理
タグ: 政治

本来の日付: 1852-02-28
追体験日付: 2026-02-28",,False
【1852年】海防会議,03/01/2026,,03/01/2026,,True,"【1852-03-01の出来事を追体験】
和暦: 嘉永5年2月9日
人物: 幕府
解説: 沿岸警備体制点検
タグ: 軍事

本来の日付: 1852-03-01
追体験日付: 2026-03-01",,False
【1852年】上巳の節句,03/03/2026,,03/03/2026,,True,"【1852-03-03の出来事を追体験】
和暦: 嘉永5年2月12日
人物: 全国
解説: 雛祭り、女児祝い
タグ: 社会

本来の日付: 1852-03-03
追体験日付: 2026-03-03",,False
【1852年】啓蟄,03/06/2026,,03/06/2026,,True,"【1852-03-06の出来事を追体験】
和暦: 嘉永5年2月15日
人物: 暦
解説: 虫が活動開始
タグ: 自然

本来の日付: 1852-03-06
追体験日付: 2026-03-06",,False
【1852年】異国船対応策検討,03/15/2026,,03/15/2026,,True,"【1852-03-15の出来事を追体験】
和暦: 嘉永5年2月23日
人物: 老中
解説: 外国船来航対処法
タグ: 外交

本来の日付: 1852-03-15
追体験日付: 2026-03-15",,False
【1852年】春分,03/20/2026,,03/20/2026,,True,"【1852-03-20の出来事を追体験】
和暦: 嘉永5年2月28日
人物: 暦
解説: 昼夜平分
タグ: 自然

本来の日付: 1852-03-20
追体験日付: 2026-03-20",,False
【1852年】桜開花時期,03/25/2026,,03/25/2026,,True,"【1852-03-25の出来事を追体験】
和暦: 嘉永5年3月4日
人物: 江戸
解説: 春の風物詩
タグ: 自然

本来の日付: 1852-03-25
追体験日付: 2026-03-25",,False
【1852年】春季人事,03/31/2026,,03/31/2026,,True,"【1852-03-31の出来事を追体験】
和暦: 嘉永5年3月10日
人物: 幕府
解説: 定期人事異動
タグ: 政治

本来の日付: 1852-03-31
追体験日付: 2026-03-31",,False
【1852年】諸藩財政改革,04/01/2026,,04/01/2026,,True,"【1852-04-01の出来事を追体験】
和暦: 嘉永5年3月11日
人物: 諸藩
解説: 藩政近代化推進
タグ: 経済

本来の日付: 1852-04-01
追体験日付: 2026-04-01",,False
【1852年】清明,04/05/2026,,04/05/2026,,True,"【1852-04-05の出来事を追体験】
和暦: 嘉永5年3月15日
人物: 暦
解説: 万物清浄明潔
タグ: 自然

本来の日付: 1852-04-05
追体験日付: 2026-04-05",,False
【1852年】花祭り,04/08/2026,,04/08/2026,,True,"【1852-04-08の出来事を追体験】
和暦: 嘉永5年3月18日
人物: 全国
解説: 釈迦誕生祝い
タグ: 宗教

本来の日付: 1852-04-08
追体験日付: 2026-04-08",,False
【1852年】吉田松陰東北遊学準備,04/10/2026,,04/10/2026,,True,"【1852-04-10の出来事を追体験】
和暦: 嘉永5年3月20日
人物: 吉田松陰
解説: 見聞拡大のための旅支度
タグ: 学問

本来の日付: 1852-04-10
追体験日付: 2026-04-10",,False
【1852年】江戸湾警備強化,04/15/2026,,04/15/2026,,True,"【1852-04-15の出来事を追体験】
和暦: 嘉永5年3月25日
人物: 幕府
解説: 首都防衛体制
タグ: 軍事

本来の日付: 1852-04-15
追体験日付: 2026-04-15",,False
【1852年】穀雨,04/20/2026,,04/20/2026,,True,"【1852-04-20の出来事を追体験】
和暦: 嘉永5年3月30日
人物: 暦
解説: 穀物潤す雨
タグ: 自然

本来の日付: 1852-04-20
追体験日付: 2026-04-20",,False
【1852年】藩校春季入学,04/25/2026,,04/25/2026,,True,"【1852-04-25の出来事を追体験】
和暦: 嘉永5年4月5日
人物: 諸藩
解説: 教育制度運用
タグ: 学問

本来の日付: 1852-04-25
追体験日付: 2026-04-25",,False
【1852年】春の農事開始,05/01/2026,,05/01/2026,,True,"【1852-05-01の出来事を追体験】
和暦: 嘉永5年4月11日
人物: 農民
解説: 田植え準備
タグ: 経済

本来の日付: 1852-05-01
追体験日付: 2026-05-01",,False
【1852年】端午の節句,05/05/2026,,05/05/2026,,True,"【1852-05-05の出来事を追体験】
和暦: 嘉永5年4月15日
人物: 全国
解説: 男児祝い、武者人形
タグ: 社会

本来の日付: 1852-05-05
追体験日付: 2026-05-05",,False
【1852年】立夏,05/06/2026,,05/06/2026,,True,"【1852-05-06の出来事を追体験】
和暦: 嘉永5年4月16日
人物: 暦
解説: 夏の始まり
タグ: 自然

本来の日付: 1852-05-06
追体験日付: 2026-05-06",,False
【1852年】商業活動活発化,05/10/2026,,05/10/2026,,True,"【1852-05-10の出来事を追体験】
和暦: 嘉永5年4月20日
人物: 町人
解説: 流通・商取引拡大
タグ: 経済

本来の日付: 1852-05-10
追体験日付: 2026-05-10",,False
【1852年】吉田松陰東北遊学開始,05/15/2026,,05/15/2026,,True,"【1852-05-15の出来事を追体験】
和暦: 嘉永5年4月25日
人物: 吉田松陰
解説: 福島・新潟方面へ出発
タグ: 学問

本来の日付: 1852-05-15
追体験日付: 2026-05-15",,False
【1852年】小満,05/21/2026,,05/21/2026,,True,"【1852-05-21の出来事を追体験】
和暦: 嘉永5年5月1日
人物: 暦
解説: 万物が充実し始める
タグ: 自然

本来の日付: 1852-05-21
追体験日付: 2026-05-21",,False
【1852年】各藩殖産興業推進,05/25/2026,,05/25/2026,,True,"【1852-05-25の出来事を追体験】
和暦: 嘉永5年5月5日
人物: 諸藩
解説: 経済政策活発化
タグ: 経済

本来の日付: 1852-05-25
追体験日付: 2026-05-25",,False
【1852年】衣替え,06/01/2026,,06/01/2026,,True,"【1852-06-01の出来事を追体験】
和暦: 嘉永5年5月12日
人物: 全国
解説: 夏服への更衣
タグ: 社会

本来の日付: 1852-06-01
追体験日付: 2026-06-01",,False
【1852年】洋式船舶研究,06/05/2026,,06/05/2026,,True,"【1852-06-05の出来事を追体験】
和暦: 嘉永5年5月16日
人物: 幕府
解説: 海運技術向上
タグ: 軍事

本来の日付: 1852-06-05
追体験日付: 2026-06-05",,False
【1852年】芒種,06/06/2026,,06/06/2026,,True,"【1852-06-06の出来事を追体験】
和暦: 嘉永5年5月17日
人物: 暦
解説: 芒ある穀物種蒔き
タグ: 自然

本来の日付: 1852-06-06
追体験日付: 2026-06-06",,False
【1852年】夏季祭礼準備,06/10/2026,,06/10/2026,,True,"【1852-06-10の出来事を追体験】
和暦: 嘉永5年5月21日
人物: 庶民
解説: 地域共同体行事
タグ: 社会

本来の日付: 1852-06-10
追体験日付: 2026-06-10",,False
【1852年】吉田松陰佐渡到着,06/15/2026,,06/15/2026,,True,"【1852-06-15の出来事を追体験】
和暦: 嘉永5年5月26日
人物: 吉田松陰
解説: 遊学継続、見聞拡大
タグ: 学問

本来の日付: 1852-06-15
追体験日付: 2026-06-15",,False
【1852年】夏至,06/21/2026,,06/21/2026,,True,"【1852-06-21の出来事を追体験】
和暦: 嘉永5年6月2日
人物: 暦
解説: 昼が最も長い日
タグ: 自然

本来の日付: 1852-06-21
追体験日付: 2026-06-21",,False
【1852年】ロシア船下田来航,06/24/2026,,06/24/2026,,True,"【1852-06-24の出来事を追体験】
和暦: 嘉永5年6月5日
人物: ロシア使節
解説: メンチコフ号来航、通商要求
タグ: 外交

本来の日付: 1852-06-24
追体験日付: 2026-06-24",,False
【1852年】下田奉行緊急協議,06/25/2026,,06/25/2026,,True,"【1852-06-25の出来事を追体験】
和暦: 嘉永5年6月6日
人物: 下田奉行
解説: 露船対応策検討
タグ: 政治

本来の日付: 1852-06-25
追体験日付: 2026-06-25",,False
【1852年】露船対応江戸報告,06/30/2026,,06/30/2026,,True,"【1852-06-30の出来事を追体験】
和暦: 嘉永5年6月11日
人物: 幕府
解説: 外国船来航報告
タグ: 外交

本来の日付: 1852-06-30
追体験日付: 2026-06-30",,False
【1852年】藩営事業拡大,07/01/2026,,07/01/2026,,True,"【1852-07-01の出来事を追体験】
和暦: 嘉永5年6月12日
人物: 諸藩
解説: 殖産興業政策
タグ: 経済

本来の日付: 1852-07-01
追体験日付: 2026-07-01",,False
【1852年】小暑,07/07/2026,,07/07/2026,,True,"【1852-07-07の出来事を追体験】
和暦: 嘉永5年6月18日
人物: 暦
解説: 暑さ本格化
タグ: 自然

本来の日付: 1852-07-07
追体験日付: 2026-07-07",,False
【1852年】洋式調練導入,07/10/2026,,07/10/2026,,True,"【1852-07-10の出来事を追体験】
和暦: 嘉永5年6月21日
人物: 諸藩
解説: 軍事近代化
タグ: 軍事

本来の日付: 1852-07-10
追体験日付: 2026-07-10",,False
【1852年】盂蘭盆会準備,07/13/2026,,07/13/2026,,True,"【1852-07-13の出来事を追体験】
和暦: 嘉永5年6月24日
人物: 全国
解説: 先祖供養準備
タグ: 宗教

本来の日付: 1852-07-13
追体験日付: 2026-07-13",,False
【1852年】藩校夏季教育,07/15/2026,,07/15/2026,,True,"【1852-07-15の出来事を追体験】
和暦: 嘉永5年6月26日
人物: 諸藩
解説: 儒学・武芸指導
タグ: 学問

本来の日付: 1852-07-15
追体験日付: 2026-07-15",,False
【1852年】吉田松陰青森到着,07/20/2026,,07/20/2026,,True,"【1852-07-20の出来事を追体験】
和暦: 嘉永5年7月1日
人物: 吉田松陰
解説: 津軽地方見学
タグ: 学問

本来の日付: 1852-07-20
追体験日付: 2026-07-20",,False
【1852年】大暑,07/23/2026,,07/23/2026,,True,"【1852-07-23の出来事を追体験】
和暦: 嘉永5年7月4日
人物: 暦
解説: 一年最暑期
タグ: 自然

本来の日付: 1852-07-23
追体験日付: 2026-07-23",,False
【1852年】夏祭り各地開催,07/30/2026,,07/30/2026,,True,"【1852-07-30の出来事を追体験】
和暦: 嘉永5年7月11日
人物: 庶民
解説: 祭礼・娯楽行事
タグ: 社会

本来の日付: 1852-07-30
追体験日付: 2026-07-30",,False
【1852年】オランダ商館長開国勧告準備,08/01/2026,,08/01/2026,,True,"【1852-08-01の出来事を追体験】
和暦: 嘉永5年7月13日
人物: オランダ商館
解説: 幕府への建白準備
タグ: 外交

本来の日付: 1852-08-01
追体験日付: 2026-08-01",,False
【1852年】夏の旱魃,08/05/2026,,08/05/2026,,True,"【1852-08-05の出来事を追体験】
和暦: 嘉永5年7月17日
人物: 農村
解説: 農作物への影響
タグ: 災害

本来の日付: 1852-08-05
追体験日付: 2026-08-05",,False
【1852年】立秋,08/08/2026,,08/08/2026,,True,"【1852-08-08の出来事を追体験】
和暦: 嘉永5年7月20日
人物: 暦
解説: 秋の始まり
タグ: 自然

本来の日付: 1852-08-08
追体験日付: 2026-08-08",,False
【1852年】製鉄技術研究,08/10/2026,,08/10/2026,,True,"【1852-08-10の出来事を追体験】
和暦: 嘉永5年7月22日
人物: 佐賀藩等
解説: 近代工業準備
タグ: 経済

本来の日付: 1852-08-10
追体験日付: 2026-08-10",,False
【1852年】オランダ商館長幕府に開国勧告,08/15/2026,,08/15/2026,,True,"【1852-08-15の出来事を追体験】
和暦: 嘉永5年7月27日
人物: ヤン・ドンケル・クルチウス
解説: 鎖国政策変更を提言
タグ: 外交

本来の日付: 1852-08-15
追体験日付: 2026-08-15",,False
【1852年】吉田松陰岩手・宮城巡見,08/20/2026,,08/20/2026,,True,"【1852-08-20の出来事を追体験】
和暦: 嘉永5年8月2日
人物: 吉田松陰
解説: 東北地方情勢調査
タグ: 学問

本来の日付: 1852-08-20
追体験日付: 2026-08-20",,False
【1852年】処暑,08/23/2026,,08/23/2026,,True,"【1852-08-23の出来事を追体験】
和暦: 嘉永5年8月5日
人物: 暦
解説: 暑さが止む
タグ: 自然

本来の日付: 1852-08-23
追体験日付: 2026-08-23",,False
【1852年】露船メンチコフ号下田来航,08/29/2026,,08/29/2026,,True,"【1852-08-29の出来事を追体験】
和暦: 嘉永5年8月11日
人物: メンチコフ号
解説: プチャーチン来航前触れ
タグ: 外交

本来の日付: 1852-08-29
追体験日付: 2026-08-29",,False
【1852年】台風被害,09/01/2026,,09/01/2026,,True,"【1852-09-01の出来事を追体験】
和暦: 嘉永5年8月14日
人物: 関東・東海
解説: 風水害発生
タグ: 災害

本来の日付: 1852-09-01
追体験日付: 2026-09-01",,False
【1852年】白露,09/08/2026,,09/08/2026,,True,"【1852-09-08の出来事を追体験】
和暦: 嘉永5年8月21日
人物: 暦
解説: 露が降り始める
タグ: 自然

本来の日付: 1852-09-08
追体験日付: 2026-09-08",,False
【1852年】秋の長雨,09/10/2026,,09/10/2026,,True,"【1852-09-10の出来事を追体験】
和暦: 嘉永5年8月23日
人物: 全国
解説: 収穫への影響
タグ: 自然

本来の日付: 1852-09-10
追体験日付: 2026-09-10",,False
【1852年】吉田松陰栃木通過,09/15/2026,,09/15/2026,,True,"【1852-09-15の出来事を追体験】
和暦: 嘉永5年8月28日
人物: 吉田松陰
解説: 関東帰路
タグ: 学問

本来の日付: 1852-09-15
追体験日付: 2026-09-15",,False
【1852年】祐宮（明治天皇）御誕生,09/22/2026,,09/22/2026,,True,"【1852-09-22の出来事を追体験】
和暦: 嘉永5年9月5日
人物: 祐宮（明治天皇）
解説: のちの明治天皇御生誕
タグ: 皇室

本来の日付: 1852-09-22
追体験日付: 2026-09-22",,False
【1852年】秋分,09/23/2026,,09/23/2026,,True,"【1852-09-23の出来事を追体験】
和暦: 嘉永5年9月6日
人物: 暦
解説: 昼夜平分
タグ: 自然

本来の日付: 1852-09-23
追体験日付: 2026-09-23",,False
【1852年】祐宮誕生祝賀,09/25/2026,,09/25/2026,,True,"【1852-09-25の出来事を追体験】
和暦: 嘉永5年9月8日
人物: 朝廷・幕府
解説: 皇子誕生の慶事
タグ: 政治

本来の日付: 1852-09-25
追体験日付: 2026-09-25",,False
【1852年】吉田松陰江戸帰着,09/30/2026,,09/30/2026,,True,"【1852-09-30の出来事を追体験】
和暦: 嘉永5年9月13日
人物: 吉田松陰
解説: 東北遊学完了
タグ: 学問

本来の日付: 1852-09-30
追体験日付: 2026-09-30",,False
【1852年】秋の収穫調査,10/01/2026,,10/01/2026,,True,"【1852-10-01の出来事を追体験】
和暦: 嘉永5年9月14日
人物: 郡代・代官
解説: 年貢徴収準備
タグ: 経済

本来の日付: 1852-10-01
追体験日付: 2026-10-01",,False
【1852年】寒露,10/08/2026,,10/08/2026,,True,"【1852-10-08の出来事を追体験】
和暦: 嘉永5年9月21日
人物: 暦
解説: 冷たい露降りる
タグ: 自然

本来の日付: 1852-10-08
追体験日付: 2026-10-08",,False
【1852年】測量技術向上,10/10/2026,,10/10/2026,,True,"【1852-10-10の出来事を追体験】
和暦: 嘉永5年9月23日
人物: 幕府
解説: 地図作成精度向上
タグ: 学問

本来の日付: 1852-10-10
追体験日付: 2026-10-10",,False
【1852年】山本権兵衛誕生,10/15/2026,,10/15/2026,,True,"【1852-10-15の出来事を追体験】
和暦: 嘉永5年9月28日
人物: 山本権兵衛
解説: のちの海軍大将・総理
タグ: 人物

本来の日付: 1852-10-15
追体験日付: 2026-10-15",,False
【1852年】吉田松陰萩帰国命令,10/20/2026,,10/20/2026,,True,"【1852-10-20の出来事を追体験】
和暦: 嘉永5年10月3日
人物: 長州藩
解説: 無許可遊学への処分
タグ: 武力弾圧

本来の日付: 1852-10-20
追体験日付: 2026-10-20",,False
【1852年】霜降,10/24/2026,,10/24/2026,,True,"【1852-10-24の出来事を追体験】
和暦: 嘉永5年10月7日
人物: 暦
解説: 霜降り始める
タグ: 自然

本来の日付: 1852-10-24
追体験日付: 2026-10-24",,False
【1852年】各藩秋季軍事訓練,10/30/2026,,10/30/2026,,True,"【1852-10-30の出来事を追体験】
和暦: 嘉永5年10月13日
人物: 諸藩
解説: 武備向上策
タグ: 軍事

本来の日付: 1852-10-30
追体験日付: 2026-10-30",,False
【1852年】秋祭り,11/03/2026,,11/03/2026,,True,"【1852-11-03の出来事を追体験】
和暦: 嘉永5年10月17日
人物: 各地
解説: 収穫感謝祭
タグ: 社会

本来の日付: 1852-11-03
追体験日付: 2026-11-03",,False
【1852年】吉田松陰萩帰藩,11/05/2026,,11/05/2026,,True,"【1852-11-05の出来事を追体験】
和暦: 嘉永5年10月19日
人物: 吉田松陰
解説: 杉家自宅謹慎開始
タグ: 武力弾圧

本来の日付: 1852-11-05
追体験日付: 2026-11-05",,False
【1852年】立冬,11/07/2026,,11/07/2026,,True,"【1852-11-07の出来事を追体験】
和暦: 嘉永5年10月21日
人物: 暦
解説: 冬の始まり
タグ: 自然

本来の日付: 1852-11-07
追体験日付: 2026-11-07",,False
【1852年】諸藩冬支度,11/15/2026,,11/15/2026,,True,"【1852-11-15の出来事を追体験】
和暦: 嘉永5年10月29日
人物: 諸藩
解説: 寒冷期準備
タグ: 社会

本来の日付: 1852-11-15
追体験日付: 2026-11-15",,False
【1852年】小雪,11/22/2026,,11/22/2026,,True,"【1852-11-22の出来事を追体験】
和暦: 嘉永5年11月6日
人物: 暦
解説: 寒くなり雪降る
タグ: 自然

本来の日付: 1852-11-22
追体験日付: 2026-11-22",,False
【1852年】ペリー提督日本向け出航,11/24/2026,,11/24/2026,,True,"【1852-11-24の出来事を追体験】
和暦: 嘉永5年11月8日
人物: ペリー
解説: ノーフォークより艦隊出発
タグ: 外交

本来の日付: 1852-11-24
追体験日付: 2026-11-24",,False
【1852年】米艦隊出航報告,11/25/2026,,11/25/2026,,True,"【1852-11-25の出来事を追体験】
和暦: 嘉永5年11月9日
人物: 幕府
解説: オランダ商館からの情報
タグ: 外交

本来の日付: 1852-11-25
追体験日付: 2026-11-25",,False
【1852年】年末準備開始,11/30/2026,,11/30/2026,,True,"【1852-11-30の出来事を追体験】
和暦: 嘉永5年11月14日
人物: 幕府
解説: 歳末政務整理
タグ: 政治

本来の日付: 1852-11-30
追体験日付: 2026-11-30",,False
【1852年】吉田松陰脱藩準備,12/01/2026,,12/01/2026,,True,"【1852-12-01の出来事を追体験】
和暦: 嘉永5年11月15日
人物: 吉田松陰
解説: 再度の無許可行動企図
タグ: 脱藩

本来の日付: 1852-12-01
追体験日付: 2026-12-01",,False
【1852年】大雪,12/07/2026,,12/07/2026,,True,"【1852-12-07の出来事を追体験】
和暦: 嘉永5年11月21日
人物: 暦
解説: 雪激しく降る
タグ: 自然

本来の日付: 1852-12-07
追体験日付: 2026-12-07",,False
【1852年】年末海防点検,12/15/2026,,12/15/2026,,True,"【1852-12-15の出来事を追体験】
和暦: 嘉永5年11月29日
人物: 幕府
解説: 沿岸防備確認
タグ: 軍事

本来の日付: 1852-12-15
追体験日付: 2026-12-15",,False
【1852年】吉田松陰脱藩実行,12/20/2026,,12/20/2026,,True,"【1852-12-20の出来事を追体験】
和暦: 嘉永5年12月4日
人物: 吉田松陰
解説: 萩を無許可で離脱
タグ: 脱藩

本来の日付: 1852-12-20
追体験日付: 2026-12-20",,False
【1852年】冬至,12/22/2026,,12/22/2026,,True,"【1852-12-22の出来事を追体験】
和暦: 嘉永5年12月6日
人物: 暦
解説: 昼最短の日
タグ: 自然

本来の日付: 1852-12-22
追体験日付: 2026-12-22",,False
【1852年】嘉永5年総括,12/31/2026,,12/31/2026,,True,"【1852-12-31の出来事を追体験】
和暦: 嘉永5年12月15日
人物: 幕閣
解説: 一年政務総点検
タグ: 政治

本来の日付: 1852-12-31
追体験日付: 2026-12-31",,False
【1853年】正月、諸大名江戸城登城,01/01/2027,,01/01/2027,,True,"【1853-01-01の出来事を追体験】
和暦: 嘉永5年12月1日
人物: 徳川家慶
解説: 年頭の将軍拝賀行事
タグ: 政治

本来の日付: 1853-01-01
追体験日付: 2027-01-01",,False
【1853年】正月二日年賀行事,01/02/2027,,01/02/2027,,True,"【1853-01-02の出来事を追体験】
和暦: 嘉永5年12月2日
人物: 幕閣
解説: 幕府年始儀礼継続
タグ: 政治

本来の日付: 1853-01-02
追体験日付: 2027-01-02",,False
【1853年】三日とろろ祝い,01/03/2027,,01/03/2027,,True,"【1853-01-03の出来事を追体験】
和暦: 嘉永5年12月3日
人物: 江戸庶民
解説: 正月伝統行事
タグ: 社会

本来の日付: 1853-01-03
追体験日付: 2027-01-03",,False
【1853年】七草粥行事,01/07/2027,,01/07/2027,,True,"【1853-01-07の出来事を追体験】
和暦: 嘉永5年12月7日
人物: 一般民衆
解説: 年中行事の継続
タグ: 社会

本来の日付: 1853-01-07
追体験日付: 2027-01-07",,False
【1853年】月例政務会議,01/10/2027,,01/10/2027,,True,"【1853-01-10の出来事を追体験】
和暦: 嘉永5年12月10日
人物: 老中
解説: 定例政務処理
タグ: 政治

本来の日付: 1853-01-10
追体験日付: 2027-01-10",,False
【1853年】鏡開き,01/11/2027,,01/11/2027,,True,"【1853-01-11の出来事を追体験】
和暦: 嘉永5年12月11日
人物: 江戸市民
解説: 武家・庶民共通行事
タグ: 社会

本来の日付: 1853-01-11
追体験日付: 2027-01-11",,False
【1853年】小正月行事,01/15/2027,,01/15/2027,,True,"【1853-01-15の出来事を追体験】
和暦: 嘉永5年12月15日
人物: 全国
解説: 望月の祝い
タグ: 社会

本来の日付: 1853-01-15
追体験日付: 2027-01-15",,False
【1853年】大寒入り,01/20/2027,,01/20/2027,,True,"【1853-01-20の出来事を追体験】
和暦: 嘉永5年12月20日
人物: 暦
解説: 季節の節目
タグ: 自然

本来の日付: 1853-01-20
追体験日付: 2027-01-20",,False
【1853年】大名参勤準備,01/25/2027,,01/25/2027,,True,"【1853-01-25の出来事を追体験】
和暦: 嘉永5年12月25日
人物: 諸大名
解説: 参勤交代準備
タグ: 政治

本来の日付: 1853-01-25
追体験日付: 2027-01-25",,False
【1853年】月末政務,01/28/2027,,01/28/2027,,True,"【1853-01-28の出来事を追体験】
和暦: 嘉永5年12月28日
人物: 幕閣
解説: 定例政務処理
タグ: 政治

本来の日付: 1853-01-28
追体験日付: 2027-01-28",,False
【1853年】嘉永6年元旦,02/01/2027,,02/01/2027,,True,"【1853-02-01の出来事を追体験】
和暦: 嘉永6年1月1日
人物: 朝廷・幕府
解説: 新年の政治行事、改暦
タグ: 政治

本来の日付: 1853-02-01
追体験日付: 2027-02-01",,False
【1853年】節分,02/03/2027,,02/03/2027,,True,"【1853-02-03の出来事を追体験】
和暦: 嘉永6年1月3日
人物: 全国
解説: 季節行事
タグ: 社会

本来の日付: 1853-02-03
追体験日付: 2027-02-03",,False
【1853年】立春,02/04/2027,,02/04/2027,,True,"【1853-02-04の出来事を追体験】
和暦: 嘉永6年1月4日
人物: 暦
解説: 春の始まり
タグ: 自然

本来の日付: 1853-02-04
追体験日付: 2027-02-04",,False
【1853年】幕府財政会議,02/10/2027,,02/10/2027,,True,"【1853-02-10の出来事を追体験】
和暦: 嘉永6年1月10日
人物: 勘定奉行
解説: 年度予算協議
タグ: 経済

本来の日付: 1853-02-10
追体験日付: 2027-02-10",,False
【1853年】建国記念日前身行事,02/11/2027,,02/11/2027,,True,"【1853-02-11の出来事を追体験】
和暦: 嘉永6年1月11日
人物: 朝廷
解説: 神武天皇即位伝承日
タグ: 政治

本来の日付: 1853-02-11
追体験日付: 2027-02-11",,False
【1853年】雨水,02/19/2027,,02/19/2027,,True,"【1853-02-19の出来事を追体験】
和暦: 嘉永6年1月19日
人物: 暦
解説: 雪が雨に変わる頃
タグ: 自然

本来の日付: 1853-02-19
追体験日付: 2027-02-19",,False
【1853年】朝廷年賀使派遣,02/20/2027,,02/20/2027,,True,"【1853-02-20の出来事を追体験】
和暦: 嘉永6年1月20日
人物: 幕府
解説: 朝幕関係維持
タグ: 政治

本来の日付: 1853-02-20
追体験日付: 2027-02-20",,False
【1853年】寛永寺参詣,02/28/2027,,02/28/2027,,True,"【1853-02-28の出来事を追体験】
和暦: 嘉永6年1月28日
人物: 徳川家慶
解説: 将軍の定期参詣
タグ: 宗教

本来の日付: 1853-02-28
追体験日付: 2027-02-28",,False
【1853年】上巳の節句（雛祭り）,03/03/2027,,03/03/2027,,True,"【1853-03-03の出来事を追体験】
和暦: 嘉永6年2月3日
人物: 全国
解説: 女児の祝い
タグ: 社会

本来の日付: 1853-03-03
追体験日付: 2027-03-03",,False
【1853年】啓蟄,03/06/2027,,03/06/2027,,True,"【1853-03-06の出来事を追体験】
和暦: 嘉永6年2月6日
人物: 暦
解説: 虫が活動開始
タグ: 自然

本来の日付: 1853-03-06
追体験日付: 2027-03-06",,False
【1853年】春の人事異動,03/10/2027,,03/10/2027,,True,"【1853-03-10の出来事を追体験】
和暦: 嘉永6年2月10日
人物: 幕府
解説: 定期人事刷新
タグ: 政治

本来の日付: 1853-03-10
追体験日付: 2027-03-10",,False
【1853年】春季祭礼準備,03/15/2027,,03/15/2027,,True,"【1853-03-15の出来事を追体験】
和暦: 嘉永6年2月15日
人物: 江戸
解説: 年中行事準備
タグ: 社会

本来の日付: 1853-03-15
追体験日付: 2027-03-15",,False
【1853年】桜田門警備強化,03/20/2027,,03/20/2027,,True,"【1853-03-20の出来事を追体験】
和暦: 嘉永6年2月20日
人物: 幕府
解説: 江戸城警備
タグ: 軍事

本来の日付: 1853-03-20
追体験日付: 2027-03-20",,False
【1853年】春分,03/21/2027,,03/21/2027,,True,"【1853-03-21の出来事を追体験】
和暦: 嘉永6年2月21日
人物: 暦
解説: 昼夜の長さが等しくなる
タグ: 自然

本来の日付: 1853-03-21
追体験日付: 2027-03-21",,False
【1853年】桜開花予想,03/25/2027,,03/25/2027,,True,"【1853-03-25の出来事を追体験】
和暦: 嘉永6年2月25日
人物: 江戸
解説: 春の到来
タグ: 自然

本来の日付: 1853-03-25
追体験日付: 2027-03-25",,False
【1853年】坂本龍馬、千葉道場入門準備,04/01/2027,,04/01/2027,,True,"【1853-04-01の出来事を追体験】
和暦: 嘉永6年3月1日
人物: 坂本龍馬
解説: 江戸剣術修行準備
タグ: 学問

本来の日付: 1853-04-01
追体験日付: 2027-04-01",,False
【1853年】清明,04/05/2027,,04/05/2027,,True,"【1853-04-05の出来事を追体験】
和暦: 嘉永6年3月5日
人物: 暦
解説: 万物清浄明潔の時期
タグ: 自然

本来の日付: 1853-04-05
追体験日付: 2027-04-05",,False
【1853年】昌平坂学問所春季試験,04/10/2027,,04/10/2027,,True,"【1853-04-10の出来事を追体験】
和暦: 嘉永6年3月10日
人物: 幕府
解説: 儒学教育評価
タグ: 学問

本来の日付: 1853-04-10
追体験日付: 2027-04-10",,False
【1853年】天保山で洋式調練,04/19/2027,,04/19/2027,,True,"【1853-04-19の出来事を追体験】
和暦: 嘉永6年3月19日
人物: 諸藩士
解説: 海防軍事訓練
タグ: 軍事

本来の日付: 1853-04-19
追体験日付: 2027-04-19",,False
【1853年】穀雨,04/20/2027,,04/20/2027,,True,"【1853-04-20の出来事を追体験】
和暦: 嘉永6年3月20日
人物: 暦
解説: 穀物を潤す雨の時期
タグ: 自然

本来の日付: 1853-04-20
追体験日付: 2027-04-20",,False
【1853年】坂本龍馬、千葉道場入門,04/25/2027,,04/25/2027,,True,"【1853-04-25の出来事を追体験】
和暦: 嘉永6年3月25日
人物: 坂本龍馬
解説: 北辰一刀流修行開始
タグ: 学問

本来の日付: 1853-04-25
追体験日付: 2027-04-25",,False
【1853年】月末海防会議,04/29/2027,,04/29/2027,,True,"【1853-04-29の出来事を追体験】
和暦: 嘉永6年3月29日
人物: 幕閣
解説: 安全保障議論
タグ: 軍事

本来の日付: 1853-04-29
追体験日付: 2027-04-29",,False
【1853年】端午の節句,05/05/2027,,05/05/2027,,True,"【1853-05-05の出来事を追体験】
和暦: 嘉永6年4月5日
人物: 全国
解説: 男児の祝い
タグ: 社会

本来の日付: 1853-05-05
追体験日付: 2027-05-05",,False
【1853年】立夏,05/06/2027,,05/06/2027,,True,"【1853-05-06の出来事を追体験】
和暦: 嘉永6年4月6日
人物: 暦
解説: 夏の始まり
タグ: 自然

本来の日付: 1853-05-06
追体験日付: 2027-05-06",,False
【1853年】蕃書和解御用設置準備,05/10/2027,,05/10/2027,,True,"【1853-05-10の出来事を追体験】
和暦: 嘉永6年4月12日
人物: 幕府
解説: 洋書翻訳体制
タグ: 学問

本来の日付: 1853-05-10
追体験日付: 2027-05-10",,False
【1853年】久留米藩眞木保臣ら勤王派禁固,05/17/2027,,05/17/2027,,True,"【1853-05-17の出来事を追体験】
和暦: 嘉永6年4月19日
人物: 眞木保臣
解説: 幕政改革派の処罰
タグ: 武力弾圧

本来の日付: 1853-05-17
追体験日付: 2027-05-17",,False
【1853年】異国船警戒令強化,05/20/2027,,05/20/2027,,True,"【1853-05-20の出来事を追体験】
和暦: 嘉永6年4月22日
人物: 浦賀奉行
解説: 沿岸警備強化
タグ: 軍事

本来の日付: 1853-05-20
追体験日付: 2027-05-20",,False
【1853年】小満,05/21/2027,,05/21/2027,,True,"【1853-05-21の出来事を追体験】
和暦: 嘉永6年4月23日
人物: 暦
解説: 万物が次第に長じて満つ
タグ: 自然

本来の日付: 1853-05-21
追体験日付: 2027-05-21",,False
【1853年】吉田松陰、佐久間象山入門,05/25/2027,,05/25/2027,,True,"【1853-05-25の出来事を追体験】
和暦: 嘉永6年4月27日
人物: 吉田松陰
解説: 西洋兵学修行開始
タグ: 学問

本来の日付: 1853-05-25
追体験日付: 2027-05-25",,False
【1853年】衣替え,06/01/2027,,06/01/2027,,True,"【1853-06-01の出来事を追体験】
和暦: 嘉永6年5月4日
人物: 全国
解説: 夏服への更衣
タグ: 社会

本来の日付: 1853-06-01
追体験日付: 2027-06-01",,False
【1853年】ペリー艦隊浦賀沖来航,06/03/2027,,06/03/2027,,True,"【1853-06-03の出来事を追体験】
和暦: 嘉永6年5月6日
人物: ペリー
解説: 黒船来航、日本開国要求
タグ: 外交

本来の日付: 1853-06-03
追体験日付: 2027-06-03",,False
【1853年】浦賀奉行緊急協議,06/04/2027,,06/04/2027,,True,"【1853-06-04の出来事を追体験】
和暦: 嘉永6年5月7日
人物: 戸田氏栄
解説: 黒船対応策検討
タグ: 政治

本来の日付: 1853-06-04
追体験日付: 2027-06-04",,False
【1853年】江戸城緊急登城,06/05/2027,,06/05/2027,,True,"【1853-06-05の出来事を追体験】
和暦: 嘉永6年5月8日
人物: 老中阿部正弘
解説: 異国船対策協議
タグ: 政治

本来の日付: 1853-06-05
追体験日付: 2027-06-05",,False
【1853年】芒種,06/06/2027,,06/06/2027,,True,"【1853-06-06の出来事を追体験】
和暦: 嘉永6年5月9日
人物: 暦
解説: 芒のある穀物の種蒔き時
タグ: 自然

本来の日付: 1853-06-06
追体験日付: 2027-06-06",,False
【1853年】ペリー艦隊示威行動,06/07/2027,,06/07/2027,,True,"【1853-06-07の出来事を追体験】
和暦: 嘉永6年5月10日
人物: ペリー
解説: 江戸湾内測量と威嚇
タグ: 外交

本来の日付: 1853-06-07
追体験日付: 2027-06-07",,False
【1853年】江戸市中騒然,06/08/2027,,06/08/2027,,True,"【1853-06-08の出来事を追体験】
和暦: 嘉永6年5月11日
人物: 江戸庶民
解説: 黒船の噂で民心動揺
タグ: 社会

本来の日付: 1853-06-08
追体験日付: 2027-06-08",,False
【1853年】ペリー久里浜上陸、国書受渡,06/09/2027,,06/09/2027,,True,"【1853-06-09の出来事を追体験】
和暦: 嘉永6年5月12日
人物: ペリー
解説: 米大統領親書提出
タグ: 外交

本来の日付: 1853-06-09
追体験日付: 2027-06-09",,False
【1853年】ペリー艦隊江戸湾侵入,06/10/2027,,06/10/2027,,True,"【1853-06-10の出来事を追体験】
和暦: 嘉永6年5月13日
人物: ペリー
解説: 測量名目で威嚇行動
タグ: 外交

本来の日付: 1853-06-10
追体験日付: 2027-06-10",,False
【1853年】江戸市中大騒動,06/11/2027,,06/11/2027,,True,"【1853-06-11の出来事を追体験】
和暦: 嘉永6年5月14日
人物: 江戸庶民
解説: 泰平の世の終焉不安
タグ: 社会

本来の日付: 1853-06-11
追体験日付: 2027-06-11",,False
【1853年】ペリー艦隊離日,06/12/2027,,06/12/2027,,True,"【1853-06-12の出来事を追体験】
和暦: 嘉永6年5月15日
人物: ペリー
解説: 翌年再来を予告
タグ: 外交

本来の日付: 1853-06-12
追体験日付: 2027-06-12",,False
【1853年】幕閣緊急会議,06/13/2027,,06/13/2027,,True,"【1853-06-13の出来事を追体験】
和暦: 嘉永6年5月16日
人物: 老中阿部正弘
解説: 対米政策検討
タグ: 政治

本来の日付: 1853-06-13
追体験日付: 2027-06-13",,False
【1853年】諸大名意見聴取開始,06/14/2027,,06/14/2027,,True,"【1853-06-14の出来事を追体験】
和暦: 嘉永6年5月17日
人物: 阿部正弘
解説: 異例の開明政策
タグ: 政治

本来の日付: 1853-06-14
追体験日付: 2027-06-14",,False
【1853年】海防強化令準備,06/15/2027,,06/15/2027,,True,"【1853-06-15の出来事を追体験】
和暦: 嘉永6年5月18日
人物: 幕府
解説: 全国防備体制検討
タグ: 軍事

本来の日付: 1853-06-15
追体験日付: 2027-06-15",,False
【1853年】海防令諸藩発布,06/20/2027,,06/20/2027,,True,"【1853-06-20の出来事を追体験】
和暦: 嘉永6年5月23日
人物: 幕府
解説: 全国海岸防備強化
タグ: 軍事

本来の日付: 1853-06-20
追体験日付: 2027-06-20",,False
【1853年】夏至,06/21/2027,,06/21/2027,,True,"【1853-06-21の出来事を追体験】
和暦: 嘉永6年5月24日
人物: 暦
解説: 一年で昼が最も長い日
タグ: 自然

本来の日付: 1853-06-21
追体験日付: 2027-06-21",,False
【1853年】将軍徳川家慶急死,06/22/2027,,06/22/2027,,True,"【1853-06-22の出来事を追体験】
和暦: 嘉永6年5月25日
人物: 徳川家慶
解説: 外交危機中の将軍死
タグ: 政治

本来の日付: 1853-06-22
追体験日付: 2027-06-22",,False
【1853年】家慶死去秘匿,06/23/2027,,06/23/2027,,True,"【1853-06-23の出来事を追体験】
和暦: 嘉永6年5月26日
人物: 幕閣
解説: 政局混乱回避策
タグ: 政治

本来の日付: 1853-06-23
追体験日付: 2027-06-23",,False
【1853年】後継問題協議,06/24/2027,,06/24/2027,,True,"【1853-06-24の出来事を追体験】
和暦: 嘉永6年5月27日
人物: 幕閣
解説: 家定擁立準備
タグ: 政治

本来の日付: 1853-06-24
追体験日付: 2027-06-24",,False
【1853年】家慶死去隠蔽継続,06/25/2027,,06/25/2027,,True,"【1853-06-25の出来事を追体験】
和暦: 嘉永6年5月28日
人物: 幕閣
解説: 情報統制強化
タグ: 政治

本来の日付: 1853-06-25
追体験日付: 2027-06-25",,False
【1853年】江戸城内緊急協議,06/30/2027,,06/30/2027,,True,"【1853-06-30の出来事を追体験】
和暦: 嘉永6年6月3日
人物: 幕閣
解説: ペリー対応策
タグ: 政治

本来の日付: 1853-06-30
追体験日付: 2027-06-30",,False
【1853年】阿部正弘、諸大名意見聴取,07/01/2027,,07/01/2027,,True,"【1853-07-01の出来事を追体験】
和暦: 嘉永6年6月4日
人物: 阿部正弘
解説: 開明的人材登用
タグ: 政治

本来の日付: 1853-07-01
追体験日付: 2027-07-01",,False
【1853年】徳川斉昭召還,07/02/2027,,07/02/2027,,True,"【1853-07-02の出来事を追体験】
和暦: 嘉永6年6月5日
人物: 徳川斉昭
解説: 海防議論参加
タグ: 政治

本来の日付: 1853-07-02
追体験日付: 2027-07-02",,False
【1853年】徳川斉昭江戸城登城,07/03/2027,,07/03/2027,,True,"【1853-07-03の出来事を追体験】
和暦: 嘉永6年6月6日
人物: 徳川斉昭
解説: 攘夷論主導開始
タグ: 政治

本来の日付: 1853-07-03
追体験日付: 2027-07-03",,False
【1853年】江戸湾警備強化,07/05/2027,,07/05/2027,,True,"【1853-07-05の出来事を追体験】
和暦: 嘉永6年6月8日
人物: 幕府
解説: 沿岸防備体制
タグ: 軍事

本来の日付: 1853-07-05
追体験日付: 2027-07-05",,False
【1853年】小暑,07/07/2027,,07/07/2027,,True,"【1853-07-07の出来事を追体験】
和暦: 嘉永6年6月10日
人物: 暦
解説: 暑さが本格化
タグ: 自然

本来の日付: 1853-07-07
追体験日付: 2027-07-07",,False
【1853年】斉昭海防意見十ヶ条提出,07/09/2027,,07/09/2027,,True,"【1853-07-09の出来事を追体験】
和暦: 嘉永6年6月12日
人物: 徳川斉昭
解説: 攘夷論政策提言
タグ: 軍事

本来の日付: 1853-07-09
追体験日付: 2027-07-09",,False
【1853年】幕府五ヵ年節約令,07/14/2027,,07/14/2027,,True,"【1853-07-14の出来事を追体験】
和暦: 嘉永6年6月17日
人物: 幕府
解説: 財政緊縮政策
タグ: 経済

本来の日付: 1853-07-14
追体験日付: 2027-07-14",,False
【1853年】諸藩海防令伝達,07/15/2027,,07/15/2027,,True,"【1853-07-15の出来事を追体験】
和暦: 嘉永6年6月18日
人物: 幕府
解説: 全国防備指令
タグ: 軍事

本来の日付: 1853-07-15
追体験日付: 2027-07-15",,False
【1853年】プチャーチン長崎来航,07/18/2027,,07/18/2027,,True,"【1853-07-18の出来事を追体験】
和暦: 嘉永6年6月21日
人物: プチャーチン
解説: ロシア通商・国境要求
タグ: 外交

本来の日付: 1853-07-18
追体験日付: 2027-07-18",,False
【1853年】ペリー琉球寄港,07/22/2027,,07/22/2027,,True,"【1853-07-22の出来事を追体験】
和暦: 嘉永6年6月25日
人物: ペリー
解説: 物資補給と威嚇
タグ: 外交

本来の日付: 1853-07-22
追体験日付: 2027-07-22",,False
【1853年】大暑,07/23/2027,,07/23/2027,,True,"【1853-07-23の出来事を追体験】
和暦: 嘉永6年6月26日
人物: 暦
解説: 一年で最も暑い時期
タグ: 自然

本来の日付: 1853-07-23
追体験日付: 2027-07-23",,False
【1853年】江戸市中流言対策,07/25/2027,,07/25/2027,,True,"【1853-07-25の出来事を追体験】
和暦: 嘉永6年6月28日
人物: 町奉行
解説: 治安維持
タグ: 社会

本来の日付: 1853-07-25
追体験日付: 2027-07-25",,False
【1853年】米国書簡諸藩回付,07/26/2027,,07/26/2027,,True,"【1853-07-26の出来事を追体験】
和暦: 嘉永6年6月29日
人物: 阿部正弘
解説: 全国情報共有
タグ: 政治

本来の日付: 1853-07-26
追体験日付: 2027-07-26",,False
【1853年】夏祭り警備強化,08/01/2027,,08/01/2027,,True,"【1853-08-01の出来事を追体験】
和暦: 嘉永6年7月5日
人物: 町奉行
解説: 民衆統制
タグ: 社会

本来の日付: 1853-08-01
追体験日付: 2027-08-01",,False
【1853年】勝海舟海防意見書提出,08/05/2027,,08/05/2027,,True,"【1853-08-05の出来事を追体験】
和暦: 嘉永6年7月9日
人物: 勝海舟
解説: 海軍創設・開国論
タグ: 軍事

本来の日付: 1853-08-05
追体験日付: 2027-08-05",,False
【1853年】高島秋帆禁固解除,08/06/2027,,08/06/2027,,True,"【1853-08-06の出来事を追体験】
和暦: 嘉永6年7月10日
人物: 高島秋帆
解説: 砲術家復活
タグ: 軍事

本来の日付: 1853-08-06
追体験日付: 2027-08-06",,False
【1853年】立秋,08/08/2027,,08/08/2027,,True,"【1853-08-08の出来事を追体験】
和暦: 嘉永6年7月12日
人物: 暦
解説: 秋の始まり
タグ: 自然

本来の日付: 1853-08-08
追体験日付: 2027-08-08",,False
【1853年】品川台場設計完成,08/10/2027,,08/10/2027,,True,"【1853-08-10の出来事を追体験】
和暦: 嘉永6年7月14日
人物: 江川英龍
解説: 要塞建設計画
タグ: 軍事

本来の日付: 1853-08-10
追体験日付: 2027-08-10",,False
【1853年】佐賀藩大砲50門鋳造要請,08/15/2027,,08/15/2027,,True,"【1853-08-15の出来事を追体験】
和暦: 嘉永6年7月19日
人物: 鍋島直正
解説: 最新軍備依頼
タグ: 軍事

本来の日付: 1853-08-15
追体験日付: 2027-08-15",,False
【1853年】大砲鋳造準備,08/20/2027,,08/20/2027,,True,"【1853-08-20の出来事を追体験】
和暦: 嘉永6年7月24日
人物: 幕府
解説: 武器製造体制
タグ: 軍事

本来の日付: 1853-08-20
追体験日付: 2027-08-20",,False
【1853年】処暑,08/23/2027,,08/23/2027,,True,"【1853-08-23の出来事を追体験】
和暦: 嘉永6年7月27日
人物: 暦
解説: 暑さが止む頃
タグ: 自然

本来の日付: 1853-08-23
追体験日付: 2027-08-23",,False
【1853年】品川台場建設開始,08/24/2027,,08/24/2027,,True,"【1853-08-24の出来事を追体験】
和暦: 嘉永6年7月28日
人物: 江川英龍
解説: 江戸湾防御要塞
タグ: 軍事

本来の日付: 1853-08-24
追体験日付: 2027-08-24",,False
【1853年】佐賀藩士蒸気機関車見学,08/28/2027,,08/28/2027,,True,"【1853-08-28の出来事を追体験】
和暦: 嘉永6年8月2日
人物: 佐賀藩士
解説: 西洋技術体験
タグ: 学問

本来の日付: 1853-08-28
追体験日付: 2027-08-28",,False
【1853年】風水害対策,09/01/2027,,09/01/2027,,True,"【1853-09-01の出来事を追体験】
和暦: 嘉永6年8月6日
人物: 幕府
解説: 災害準備
タグ: 災害

本来の日付: 1853-09-01
追体験日付: 2027-09-01",,False
【1853年】長崎警備強化,09/05/2027,,09/05/2027,,True,"【1853-09-05の出来事を追体験】
和暦: 嘉永6年8月10日
人物: 幕府
解説: 西国防備体制
タグ: 軍事

本来の日付: 1853-09-05
追体験日付: 2027-09-05",,False
【1853年】プチャーチン長崎測量,09/08/2027,,09/08/2027,,True,"【1853-09-08の出来事を追体験】
和暦: 嘉永6年8月13日
人物: プチャーチン
解説: 沿岸調査実施
タグ: 外交

本来の日付: 1853-09-08
追体験日付: 2027-09-08",,False
【1853年】吉田松陰渡欧相談,09/13/2027,,09/13/2027,,True,"【1853-09-13の出来事を追体験】
和暦: 嘉永6年8月18日
人物: 吉田松陰
解説: 海外渡航計画
タグ: 学問

本来の日付: 1853-09-13
追体験日付: 2027-09-13",,False
【1853年】大船建造禁廃止,09/15/2027,,09/15/2027,,True,"【1853-09-15の出来事を追体験】
和暦: 嘉永6年8月20日
人物: 幕府
解説: 軍艦建造解禁
タグ: 軍事

本来の日付: 1853-09-15
追体験日付: 2027-09-15",,False
【1853年】秋分,09/23/2027,,09/23/2027,,True,"【1853-09-23の出来事を追体験】
和暦: 嘉永6年8月28日
人物: 暦
解説: 昼夜平分
タグ: 自然

本来の日付: 1853-09-23
追体験日付: 2027-09-23",,False
【1853年】海防費用算定,09/25/2027,,09/25/2027,,True,"【1853-09-25の出来事を追体験】
和暦: 嘉永6年8月30日
人物: 勘定奉行
解説: 軍事予算検討
タグ: 経済

本来の日付: 1853-09-25
追体験日付: 2027-09-25",,False
【1853年】台場建設本格化,09/26/2027,,09/26/2027,,True,"【1853-09-26の出来事を追体験】
和暦: 嘉永6年9月1日
人物: 江川英龍
解説: 防御施設急速建設
タグ: 軍事

本来の日付: 1853-09-26
追体験日付: 2027-09-26",,False
【1853年】秋の収穫調査,10/01/2027,,10/01/2027,,True,"【1853-10-01の出来事を追体験】
和暦: 嘉永6年9月6日
人物: 郡代
解説: 年貢徴収準備
タグ: 経済

本来の日付: 1853-10-01
追体験日付: 2027-10-01",,False
【1853年】幕府兵器購入計画,10/05/2027,,10/05/2027,,True,"【1853-10-05の出来事を追体験】
和暦: 嘉永6年9月10日
人物: 幕府
解説: 西洋武器導入
タグ: 軍事

本来の日付: 1853-10-05
追体験日付: 2027-10-05",,False
【1853年】寒露,10/08/2027,,10/08/2027,,True,"【1853-10-08の出来事を追体験】
和暦: 嘉永6年9月13日
人物: 暦
解説: 冷たい露が降りる頃
タグ: 自然

本来の日付: 1853-10-08
追体験日付: 2027-10-08",,False
【1853年】洋式帆走軍艦建造開始,10/17/2027,,10/17/2027,,True,"【1853-10-17の出来事を追体験】
和暦: 嘉永6年9月22日
人物: 諸藩
解説: 海軍近代化
タグ: 軍事

本来の日付: 1853-10-17
追体験日付: 2027-10-17",,False
【1853年】徳川家定13代将軍就任,10/23/2027,,10/23/2027,,True,"【1853-10-23の出来事を追体験】
和暦: 嘉永6年9月28日
人物: 徳川家定
解説: 危機下の将軍誕生
タグ: 政治

本来の日付: 1853-10-23
追体験日付: 2027-10-23",,False
【1853年】霜降,10/24/2027,,10/24/2027,,True,"【1853-10-24の出来事を追体験】
和暦: 嘉永6年9月29日
人物: 暦
解説: 霜が降り始める頃
タグ: 自然

本来の日付: 1853-10-24
追体験日付: 2027-10-24",,False
【1853年】吉田松陰長崎到着,10/27/2027,,10/27/2027,,True,"【1853-10-27の出来事を追体験】
和暦: 嘉永6年10月2日
人物: 吉田松陰
解説: 海外渡航企て実行
タグ: 脱藩

本来の日付: 1853-10-27
追体験日付: 2027-10-27",,False
【1853年】川路聖謨長崎派遣,10/30/2027,,10/30/2027,,True,"【1853-10-30の出来事を追体験】
和暦: 嘉永6年10月5日
人物: 川路聖謨
解説: 対露交渉開始
タグ: 外交

本来の日付: 1853-10-30
追体験日付: 2027-10-30",,False
【1853年】冬支度準備,11/01/2027,,11/01/2027,,True,"【1853-11-01の出来事を追体験】
和暦: 嘉永6年10月7日
人物: 庶民
解説: 季節対応
タグ: 社会

本来の日付: 1853-11-01
追体験日付: 2027-11-01",,False
【1853年】ジョン万次郎幕臣登用,11/05/2027,,11/05/2027,,True,"【1853-11-05の出来事を追体験】
和暦: 嘉永6年10月11日
人物: ジョン万次郎
解説: 異例の海外経験者抜擢
タグ: 政治

本来の日付: 1853-11-05
追体験日付: 2027-11-05",,False
【1853年】立冬,11/07/2027,,11/07/2027,,True,"【1853-11-07の出来事を追体験】
和暦: 嘉永6年10月13日
人物: 暦
解説: 冬の始まり
タグ: 自然

本来の日付: 1853-11-07
追体験日付: 2027-11-07",,False
【1853年】諸藩軍備拡充加速,11/15/2027,,11/15/2027,,True,"【1853-11-15の出来事を追体験】
和暦: 嘉永6年10月21日
人物: 諸藩
解説: 洋式軍備導入
タグ: 軍事

本来の日付: 1853-11-15
追体験日付: 2027-11-15",,False
【1853年】小雪,11/22/2027,,11/22/2027,,True,"【1853-11-22の出来事を追体験】
和暦: 嘉永6年10月28日
人物: 暦
解説: 寒くなり雪が降り始める
タグ: 自然

本来の日付: 1853-11-22
追体験日付: 2027-11-22",,False
【1853年】家定正式将軍宣下,11/23/2027,,11/23/2027,,True,"【1853-11-23の出来事を追体験】
和暦: 嘉永6年10月29日
人物: 徳川家定
解説: 朝廷承認獲得
タグ: 政治

本来の日付: 1853-11-23
追体験日付: 2027-11-23",,False
【1853年】海防論議全国拡大,11/28/2027,,11/28/2027,,True,"【1853-11-28の出来事を追体験】
和暦: 嘉永6年11月4日
人物: 諸藩
解説: 開国攘夷論争激化
タグ: 政治

本来の日付: 1853-11-28
追体験日付: 2027-11-28",,False
【1853年】年末警備強化,12/01/2027,,12/01/2027,,True,"【1853-12-01の出来事を追体験】
和暦: 嘉永6年11月7日
人物: 町奉行
解説: 治安維持
タグ: 社会

本来の日付: 1853-12-01
追体験日付: 2027-12-01",,False
【1853年】プチャーチン再来航,12/05/2027,,12/05/2027,,True,"【1853-12-05の出来事を追体験】
和暦: 嘉永6年11月11日
人物: プチャーチン
解説: 通商交渉再開
タグ: 外交

本来の日付: 1853-12-05
追体験日付: 2027-12-05",,False
【1853年】大雪,12/07/2027,,12/07/2027,,True,"【1853-12-07の出来事を追体験】
和暦: 嘉永6年11月13日
人物: 暦
解説: 雪が激しく降る頃
タグ: 自然

本来の日付: 1853-12-07
追体験日付: 2027-12-07",,False
【1853年】年末軍備総点検,12/15/2027,,12/15/2027,,True,"【1853-12-15の出来事を追体験】
和暦: 嘉永6年11月21日
人物: 幕府
解説: 海防体制確認
タグ: 軍事

本来の日付: 1853-12-15
追体験日付: 2027-12-15",,False
【1853年】冬至,12/22/2027,,12/22/2027,,True,"【1853-12-22の出来事を追体験】
和暦: 嘉永6年11月28日
人物: 暦
解説: 一年で昼が最も短い日
タグ: 自然

本来の日付: 1853-12-22
追体験日付: 2027-12-22",,False
【1853年】万次郎中濱姓拝領,12/23/2027,,12/23/2027,,True,"【1853-12-23の出来事を追体験】
和暦: 嘉永6年11月29日
人物: ジョン万次郎
解説: 旗本格待遇獲得
タグ: 政治

本来の日付: 1853-12-23
追体験日付: 2027-12-23",,False
【1853年】嘉永6年総括,12/31/2027,,12/31/2027,,True,"【1853-12-31の出来事を追体験】
和暦: 嘉永6年12月7日
人物: 幕閣
解説: 激動の一年総点検
タグ: 政治

本来の日付: 1853-12-31
追体験日付: 2027-12-31",,False
【1854年】正月、将軍家定初年賀,01/01/2028,,01/01/2028,,True,"【1854-01-01の出来事を追体験】
和暦: 嘉永6年12月8日
人物: 徳川家定
解説: 新将軍として初の正月
タグ: 政治

本来の日付: 1854-01-01
追体験日付: 2028-01-01",,False
【1854年】正月二日年賀継続,01/02/2028,,01/02/2028,,True,"【1854-01-02の出来事を追体験】
和暦: 嘉永6年12月9日
人物: 幕閣
解説: 家定時代の年始儀礼
タグ: 政治

本来の日付: 1854-01-02
追体験日付: 2028-01-02",,False
【1854年】プチャーチン交渉継続,01/03/2028,,01/03/2028,,True,"【1854-01-03の出来事を追体験】
和暦: 嘉永6年12月10日
人物: プチャーチン
解説: 長崎での通商交渉
タグ: 外交

本来の日付: 1854-01-03
追体験日付: 2028-01-03",,False
【1854年】川路聖謨対露交渉,01/05/2028,,01/05/2028,,True,"【1854-01-05の出来事を追体験】
和暦: 嘉永6年12月12日
人物: 川路聖謨
解説: 日露外交の本格化
タグ: 外交

本来の日付: 1854-01-05
追体験日付: 2028-01-05",,False
【1854年】七草粥,01/07/2028,,01/07/2028,,True,"【1854-01-07の出来事を追体験】
和暦: 嘉永6年12月14日
人物: 全国
解説: 年中行事継続
タグ: 社会

本来の日付: 1854-01-07
追体験日付: 2028-01-07",,False
【1854年】鏡開き,01/11/2028,,01/11/2028,,True,"【1854-01-11の出来事を追体験】
和暦: 嘉永6年12月18日
人物: 全国
解説: 武家・庶民共通行事
タグ: 社会

本来の日付: 1854-01-11
追体験日付: 2028-01-11",,False
【1854年】外国奉行設置検討,01/12/2028,,01/12/2028,,True,"【1854-01-12の出来事を追体験】
和暦: 嘉永6年12月19日
人物: 幕府
解説: 専門外交機関準備
タグ: 政治

本来の日付: 1854-01-12
追体験日付: 2028-01-12",,False
【1854年】小正月,01/15/2028,,01/15/2028,,True,"【1854-01-15の出来事を追体験】
和暦: 嘉永6年12月22日
人物: 全国
解説: 望月の祝い
タグ: 社会

本来の日付: 1854-01-15
追体験日付: 2028-01-15",,False
【1854年】対米交渉方針決定,01/18/2028,,01/18/2028,,True,"【1854-01-18の出来事を追体験】
和暦: 嘉永6年12月25日
人物: 老中
解説: 開国方針最終確定
タグ: 外交

本来の日付: 1854-01-18
追体験日付: 2028-01-18",,False
【1854年】大寒,01/20/2028,,01/20/2028,,True,"【1854-01-20の出来事を追体験】
和暦: 嘉永6年12月27日
人物: 暦
解説: 一年最寒期
タグ: 自然

本来の日付: 1854-01-20
追体験日付: 2028-01-20",,False
【1854年】洋学者登用,01/22/2028,,01/22/2028,,True,"【1854-01-22の出来事を追体験】
和暦: 嘉永6年12月29日
人物: 幕府
解説: 西洋知識人材活用
タグ: 学問

本来の日付: 1854-01-22
追体験日付: 2028-01-22",,False
【1854年】対米対応策最終検討,01/25/2028,,01/25/2028,,True,"【1854-01-25の出来事を追体験】
和暦: 嘉永7年1月3日
人物: 幕閣
解説: ペリー再来航準備
タグ: 政治

本来の日付: 1854-01-25
追体験日付: 2028-01-25",,False
【1854年】品川台場警備強化,01/28/2028,,01/28/2028,,True,"【1854-01-28の出来事を追体験】
和暦: 嘉永7年1月6日
人物: 幕府
解説: 江戸湾防御完成
タグ: 軍事

本来の日付: 1854-01-28
追体験日付: 2028-01-28",,False
【1854年】月末外交会議,01/31/2028,,01/31/2028,,True,"【1854-01-31の出来事を追体験】
和暦: 嘉永7年1月9日
人物: 阿部正弘
解説: 開国政策最終調整
タグ: 外交

本来の日付: 1854-01-31
追体験日付: 2028-01-31",,False
【1854年】海防最終点検,02/01/2028,,02/01/2028,,True,"【1854-02-01の出来事を追体験】
和暦: 嘉永7年1月10日
人物: 幕府
解説: 品川台場完成確認
タグ: 軍事

本来の日付: 1854-02-01
追体験日付: 2028-02-01",,False
【1854年】立春,02/04/2028,,02/04/2028,,True,"【1854-02-04の出来事を追体験】
和暦: 嘉永7年1月13日
人物: 暦
解説: 春の始まり
タグ: 自然

本来の日付: 1854-02-04
追体験日付: 2028-02-04",,False
【1854年】ペリー歓迎準備,02/05/2028,,02/05/2028,,True,"【1854-02-05の出来事を追体験】
和暦: 嘉永7年1月14日
人物: 幕府
解説: 再来航接遇体制
タグ: 外交

本来の日付: 1854-02-05
追体験日付: 2028-02-05",,False
【1854年】江戸地震,02/08/2028,,02/08/2028,,True,"【1854-02-08の出来事を追体験】
和暦: 嘉永7年1月17日
人物: 自然災害
解説: 開国直前の地震
タグ: 災害

本来の日付: 1854-02-08
追体験日付: 2028-02-08",,False
【1854年】ペリー再来情報確認,02/10/2028,,02/10/2028,,True,"【1854-02-10の出来事を追体験】
和暦: 嘉永7年1月19日
人物: 幕府
解説: 米艦隊接近の報告
タグ: 外交

本来の日付: 1854-02-10
追体験日付: 2028-02-10",,False
【1854年】開国影響への対応,02/12/2028,,02/12/2028,,True,"【1854-02-12の出来事を追体験】
和暦: 嘉永7年1月21日
人物: 町奉行
解説: 社会秩序維持
タグ: 社会

本来の日付: 1854-02-12
追体験日付: 2028-02-12",,False
【1854年】ペリー艦隊浦賀再来航,02/13/2028,,02/13/2028,,True,"【1854-02-13の出来事を追体験】
和暦: 嘉永7年1月22日
人物: ペリー
解説: 9隻大艦隊で威圧再来
タグ: 外交

本来の日付: 1854-02-13
追体験日付: 2028-02-13",,False
【1854年】浦賀奉行緊急対応,02/14/2028,,02/14/2028,,True,"【1854-02-14の出来事を追体験】
和暦: 嘉永7年1月23日
人物: 戸田氏栄
解説: 再来航への即応
タグ: 政治

本来の日付: 1854-02-14
追体験日付: 2028-02-14",,False
【1854年】江戸城緊急会議,02/15/2028,,02/15/2028,,True,"【1854-02-15の出来事を追体験】
和暦: 嘉永7年1月24日
人物: 阿部正弘
解説: 対米交渉方針決定
タグ: 政治

本来の日付: 1854-02-15
追体験日付: 2028-02-15",,False
【1854年】雨水,02/19/2028,,02/19/2028,,True,"【1854-02-19の出来事を追体験】
和暦: 嘉永7年1月28日
人物: 暦
解説: 雪が雨に変わる時期
タグ: 自然

本来の日付: 1854-02-19
追体験日付: 2028-02-19",,False
【1854年】横浜会場設営,02/20/2028,,02/20/2028,,True,"【1854-02-20の出来事を追体験】
和暦: 嘉永7年1月29日
人物: 幕府
解説: 交渉場所整備
タグ: 外交

本来の日付: 1854-02-20
追体験日付: 2028-02-20",,False
【1854年】一朱銀通用開始,02/21/2028,,02/21/2028,,True,"【1854-02-21の出来事を追体験】
和暦: 嘉永7年1月30日
人物: 幕府
解説: 貨幣制度改革実施
タグ: 経済

本来の日付: 1854-02-21
追体験日付: 2028-02-21",,False
【1854年】洋式兵器導入,02/25/2028,,02/25/2028,,True,"【1854-02-25の出来事を追体験】
和暦: 嘉永7年2月4日
人物: 幕府
解説: 西洋武器本格採用
タグ: 軍事

本来の日付: 1854-02-25
追体験日付: 2028-02-25",,False
【1854年】月末交渉準備,02/28/2028,,02/28/2028,,True,"【1854-02-28の出来事を追体験】
和暦: 嘉永7年2月7日
人物: 幕府
解説: 横浜交渉会場設営
タグ: 外交

本来の日付: 1854-02-28
追体験日付: 2028-02-28",,False
【1854年】横浜交渉会場完成,03/01/2028,,03/01/2028,,True,"【1854-03-01の出来事を追体験】
和暦: 嘉永7年2月8日
人物: 幕府
解説: ペリーとの会談準備
タグ: 外交

本来の日付: 1854-03-01
追体験日付: 2028-03-01",,False
【1854年】上巳の節句,03/03/2028,,03/03/2028,,True,"【1854-03-03の出来事を追体験】
和暦: 嘉永7年2月10日
人物: 全国
解説: 雛祭り、平和な伝統
タグ: 社会

本来の日付: 1854-03-03
追体験日付: 2028-03-03",,False
【1854年】蕃書調所設置準備,03/05/2028,,03/05/2028,,True,"【1854-03-05の出来事を追体験】
和暦: 嘉永7年2月12日
人物: 幕府
解説: 洋書研究機関計画
タグ: 学問

本来の日付: 1854-03-05
追体験日付: 2028-03-05",,False
【1854年】啓蟄,03/06/2028,,03/06/2028,,True,"【1854-03-06の出来事を追体験】
和暦: 嘉永7年2月13日
人物: 暦
解説: 虫が活動開始
タグ: 自然

本来の日付: 1854-03-06
追体験日付: 2028-03-06",,False
【1854年】日米交渉開始,03/08/2028,,03/08/2028,,True,"【1854-03-08の出来事を追体験】
和暦: 嘉永7年2月15日
人物: 幕府全権・ペリー
解説: 横浜での本格交渉
タグ: 外交

本来の日付: 1854-03-08
追体験日付: 2028-03-08",,False
【1854年】交渉進展,03/10/2028,,03/10/2028,,True,"【1854-03-10の出来事を追体験】
和暦: 嘉永7年2月17日
人物: 林大学頭
解説: 通商問題協議
タグ: 外交

本来の日付: 1854-03-10
追体験日付: 2028-03-10",,False
【1854年】交渉通訳準備,03/12/2028,,03/12/2028,,True,"【1854-03-12の出来事を追体験】
和暦: 嘉永7年2月19日
人物: 幕府
解説: オランダ通詞動員
タグ: 外交

本来の日付: 1854-03-12
追体験日付: 2028-03-12",,False
【1854年】交渉大詰め,03/15/2028,,03/15/2028,,True,"【1854-03-15の出来事を追体験】
和暦: 嘉永7年2月22日
人物: 幕府
解説: 条約文言最終調整
タグ: 外交

本来の日付: 1854-03-15
追体験日付: 2028-03-15",,False
【1854年】条約草案検討,03/18/2028,,03/18/2028,,True,"【1854-03-18の出来事を追体験】
和暦: 嘉永7年2月25日
人物: 幕府
解説: 開港条件協議
タグ: 外交

本来の日付: 1854-03-18
追体験日付: 2028-03-18",,False
【1854年】春分,03/20/2028,,03/20/2028,,True,"【1854-03-20の出来事を追体験】
和暦: 嘉永7年2月27日
人物: 暦
解説: 昼夜平分
タグ: 自然

本来の日付: 1854-03-20
追体験日付: 2028-03-20",,False
【1854年】条約調印前日,03/25/2028,,03/25/2028,,True,"【1854-03-25の出来事を追体験】
和暦: 嘉永7年3月2日
人物: 幕府
解説: 最終決断の日
タグ: 政治

本来の日付: 1854-03-25
追体験日付: 2028-03-25",,False
【1854年】日米和親条約調印,03/31/2028,,03/31/2028,,True,"【1854-03-31の出来事を追体験】
和暦: 嘉永7年3月8日
人物: 幕府・ペリー
解説: 神奈川条約、開国実現
タグ: 外交

本来の日付: 1854-03-31
追体験日付: 2028-03-31",,False
【1854年】ペリー艦隊離日,04/01/2028,,04/01/2028,,True,"【1854-04-01の出来事を追体験】
和暦: 嘉永7年3月9日
人物: ペリー
解説: 条約締結後退去
タグ: 外交

本来の日付: 1854-04-01
追体験日付: 2028-04-01",,False
【1854年】開国報告,04/03/2028,,04/03/2028,,True,"【1854-04-03の出来事を追体験】
和暦: 嘉永7年3月11日
人物: 幕府
解説: 朝廷への条約報告
タグ: 政治

本来の日付: 1854-04-03
追体験日付: 2028-04-03",,False
【1854年】清明,04/05/2028,,04/05/2028,,True,"【1854-04-05の出来事を追体験】
和暦: 嘉永7年3月13日
人物: 暦
解説: 万物清浄明潔
タグ: 自然

本来の日付: 1854-04-05
追体験日付: 2028-04-05",,False
【1854年】各藩洋学振興,04/08/2028,,04/08/2028,,True,"【1854-04-08の出来事を追体験】
和暦: 嘉永7年3月16日
人物: 諸藩
解説: 西洋学問推進
タグ: 学問

本来の日付: 1854-04-08
追体験日付: 2028-04-08",,False
【1854年】諸藩への条約通達,04/10/2028,,04/10/2028,,True,"【1854-04-10の出来事を追体験】
和暦: 嘉永7年3月18日
人物: 阿部正弘
解説: 全国への開国通知
タグ: 政治

本来の日付: 1854-04-10
追体験日付: 2028-04-10",,False
【1854年】海防費増額,04/12/2028,,04/12/2028,,True,"【1854-04-12の出来事を追体験】
和暦: 嘉永7年3月20日
人物: 幕府
解説: 軍備予算大幅拡大
タグ: 軍事

本来の日付: 1854-04-12
追体験日付: 2028-04-12",,False
【1854年】各藩海防論議活発化,04/15/2028,,04/15/2028,,True,"【1854-04-15の出来事を追体験】
和暦: 嘉永7年3月23日
人物: 諸藩
解説: 開国後の対応協議
タグ: 政治

本来の日付: 1854-04-15
追体験日付: 2028-04-15",,False
【1854年】貿易準備,04/18/2028,,04/18/2028,,True,"【1854-04-18の出来事を追体験】
和暦: 嘉永7年3月26日
人物: 商人
解説: 開港商業準備
タグ: 経済

本来の日付: 1854-04-18
追体験日付: 2028-04-18",,False
【1854年】穀雨,04/20/2028,,04/20/2028,,True,"【1854-04-20の出来事を追体験】
和暦: 嘉永7年3月28日
人物: 暦
解説: 穀物を潤す雨
タグ: 自然

本来の日付: 1854-04-20
追体験日付: 2028-04-20",,False
【1854年】下田開港準備,04/25/2028,,04/25/2028,,True,"【1854-04-25の出来事を追体験】
和暦: 嘉永7年4月3日
人物: 幕府
解説: 港湾整備開始
タグ: 経済

本来の日付: 1854-04-25
追体験日付: 2028-04-25",,False
【1854年】月末開国対応,04/30/2028,,04/30/2028,,True,"【1854-04-30の出来事を追体験】
和暦: 嘉永7年4月8日
人物: 幕府
解説: 新体制整備
タグ: 政治

本来の日付: 1854-04-30
追体験日付: 2028-04-30",,False
【1854年】吉田松陰密航未遂で投獄,05/02/2028,,05/02/2028,,True,"【1854-05-02の出来事を追体験】
和暦: 嘉永7年4月10日
人物: 吉田松陰
解説: ペリー艦への密航企て露見
タグ: 脱藩

本来の日付: 1854-05-02
追体験日付: 2028-05-02",,False
【1854年】端午の節句,05/05/2028,,05/05/2028,,True,"【1854-05-05の出来事を追体験】
和暦: 嘉永7年4月13日
人物: 全国
解説: 男児の祝い
タグ: 社会

本来の日付: 1854-05-05
追体験日付: 2028-05-05",,False
【1854年】立夏,05/06/2028,,05/06/2028,,True,"【1854-05-06の出来事を追体験】
和暦: 嘉永7年4月14日
人物: 暦
解説: 夏の始まり
タグ: 自然

本来の日付: 1854-05-06
追体験日付: 2028-05-06",,False
【1854年】松陰処分協議,05/10/2028,,05/10/2028,,True,"【1854-05-10の出来事を追体験】
和暦: 嘉永7年4月18日
人物: 長州藩
解説: 密航未遂への対応
タグ: 武力弾圧

本来の日付: 1854-05-10
追体験日付: 2028-05-10",,False
【1854年】下田港湾整備,05/12/2028,,05/12/2028,,True,"【1854-05-12の出来事を追体験】
和暦: 嘉永7年4月20日
人物: 幕府
解説: 開港地基盤整備
タグ: 経済

本来の日付: 1854-05-12
追体験日付: 2028-05-12",,False
【1854年】下田領事館設置準備,05/15/2028,,05/15/2028,,True,"【1854-05-15の出来事を追体験】
和暦: 嘉永7年4月23日
人物: 米国
解説: 本格外交体制構築
タグ: 外交

本来の日付: 1854-05-15
追体験日付: 2028-05-15",,False
【1854年】諸藩軍備近代化,05/20/2028,,05/20/2028,,True,"【1854-05-20の出来事を追体験】
和暦: 嘉永7年4月28日
人物: 諸藩
解説: 洋式軍備導入加速
タグ: 軍事

本来の日付: 1854-05-20
追体験日付: 2028-05-20",,False
【1854年】小満,05/21/2028,,05/21/2028,,True,"【1854-05-21の出来事を追体験】
和暦: 嘉永7年4月29日
人物: 暦
解説: 万物充実し始める
タグ: 自然

本来の日付: 1854-05-21
追体験日付: 2028-05-21",,False
【1854年】函館開港準備,05/25/2028,,05/25/2028,,True,"【1854-05-25の出来事を追体験】
和暦: 嘉永7年5月3日
人物: 幕府
解説: 北方貿易拠点整備
タグ: 経済

本来の日付: 1854-05-25
追体験日付: 2028-05-25",,False
【1854年】衣替え準備,05/31/2028,,05/31/2028,,True,"【1854-05-31の出来事を追体験】
和暦: 嘉永7年5月9日
人物: 全国
解説: 夏装束への準備
タグ: 社会

本来の日付: 1854-05-31
追体験日付: 2028-05-31",,False
【1854年】衣替え,06/01/2028,,06/01/2028,,True,"【1854-06-01の出来事を追体験】
和暦: 嘉永7年5月10日
人物: 全国
解説: 夏服への更衣
タグ: 社会

本来の日付: 1854-06-01
追体験日付: 2028-06-01",,False
【1854年】芒種,06/06/2028,,06/06/2028,,True,"【1854-06-06の出来事を追体験】
和暦: 嘉永7年5月15日
人物: 暦
解説: 芒ある穀物種蒔き
タグ: 自然

本来の日付: 1854-06-06
追体験日付: 2028-06-06",,False
【1854年】下田奉行所設置,06/10/2028,,06/10/2028,,True,"【1854-06-10の出来事を追体験】
和暦: 嘉永7年5月19日
人物: 幕府
解説: 開港地行政体制
タグ: 政治

本来の日付: 1854-06-10
追体験日付: 2028-06-10",,False
【1854年】海軍創設準備,06/12/2028,,06/12/2028,,True,"【1854-06-12の出来事を追体験】
和暦: 嘉永7年5月21日
人物: 幕府
解説: 近代海軍建設計画
タグ: 軍事

本来の日付: 1854-06-12
追体験日付: 2028-06-12",,False
【1854年】日米和親条約付録調印,06/17/2028,,06/17/2028,,True,"【1854-06-17の出来事を追体験】
和暦: 嘉永7年5月26日
人物: 幕府
解説: 下田開港の詳細取決
タグ: 外交

本来の日付: 1854-06-17
追体験日付: 2028-06-17",,False
【1854年】夏至,06/21/2028,,06/21/2028,,True,"【1854-06-21の出来事を追体験】
和暦: 嘉永7年5月30日
人物: 暦
解説: 昼最長の日
タグ: 自然

本来の日付: 1854-06-21
追体験日付: 2028-06-21",,False
【1854年】函館開港準備,06/22/2028,,06/22/2028,,True,"【1854-06-22の出来事を追体験】
和暦: 嘉永7年6月1日
人物: 幕府
解説: 北方貿易拠点整備
タグ: 経済

本来の日付: 1854-06-22
追体験日付: 2028-06-22",,False
【1854年】ハリス来日準備,06/25/2028,,06/25/2028,,True,"【1854-06-25の出来事を追体験】
和暦: 嘉永7年6月4日
人物: 米国
解説: 領事派遣準備
タグ: 外交

本来の日付: 1854-06-25
追体験日付: 2028-06-25",,False
【1854年】上半期総括,06/30/2028,,06/30/2028,,True,"【1854-06-30の出来事を追体験】
和暦: 嘉永7年6月9日
人物: 幕府
解説: 開国政策の中間評価
タグ: 政治

本来の日付: 1854-06-30
追体験日付: 2028-06-30",,False
【1854年】海軍伝習生募集,07/05/2028,,07/05/2028,,True,"【1854-07-05の出来事を追体験】
和暦: 嘉永7年6月14日
人物: 幕府
解説: 海軍教育人材確保
タグ: 学問

本来の日付: 1854-07-05
追体験日付: 2028-07-05",,False
【1854年】小暑,07/07/2028,,07/07/2028,,True,"【1854-07-07の出来事を追体験】
和暦: 嘉永7年6月16日
人物: 暦
解説: 暑さ本格化
タグ: 自然

本来の日付: 1854-07-07
追体験日付: 2028-07-07",,False
【1854年】咸臨丸建造決定,07/11/2028,,07/11/2028,,True,"【1854-07-11の出来事を追体験】
和暦: 嘉永7年6月20日
人物: 幕府
解説: 本格的洋式軍艦建造
タグ: 軍事

本来の日付: 1854-07-11
追体験日付: 2028-07-11",,False
【1854年】海軍伝習所設置準備,07/15/2028,,07/15/2028,,True,"【1854-07-15の出来事を追体験】
和暦: 嘉永7年6月24日
人物: 幕府
解説: 本格海軍教育計画
タグ: 軍事

本来の日付: 1854-07-15
追体験日付: 2028-07-15",,False
【1854年】洋式軍備拡充,07/20/2028,,07/20/2028,,True,"【1854-07-20の出来事を追体験】
和暦: 嘉永7年6月29日
人物: 諸藩
解説: 西洋式武器導入加速
タグ: 軍事

本来の日付: 1854-07-20
追体験日付: 2028-07-20",,False
【1854年】大暑,07/23/2028,,07/23/2028,,True,"【1854-07-23の出来事を追体験】
和暦: 嘉永7年7月2日
人物: 暦
解説: 一年最暑期
タグ: 自然

本来の日付: 1854-07-23
追体験日付: 2028-07-23",,False
【1854年】夏の干害,07/25/2028,,07/25/2028,,True,"【1854-07-25の出来事を追体験】
和暦: 嘉永7年7月4日
人物: 農村
解説: 農作物への影響
タグ: 災害

本来の日付: 1854-07-25
追体験日付: 2028-07-25",,False
【1854年】夏祭り開催,07/30/2028,,07/30/2028,,True,"【1854-07-30の出来事を追体験】
和暦: 嘉永7年7月9日
人物: 各地
解説: 開国後初の夏祭り
タグ: 社会

本来の日付: 1854-07-30
追体験日付: 2028-07-30",,False
【1854年】海防予算拡大,08/01/2028,,08/01/2028,,True,"【1854-08-01の出来事を追体験】
和暦: 嘉永7年7月10日
人物: 幕府
解説: 軍事費大幅増額
タグ: 軍事

本来の日付: 1854-08-01
追体験日付: 2028-08-01",,False
【1854年】日の丸を総船印に決定,08/04/2028,,08/04/2028,,True,"【1854-08-04の出来事を追体験】
和暦: 嘉永7年7月13日
人物: 幕府
解説: 国旗制定、国家象徴確立
タグ: 政治

本来の日付: 1854-08-04
追体験日付: 2028-08-04",,False
【1854年】立秋,08/08/2028,,08/08/2028,,True,"【1854-08-08の出来事を追体験】
和暦: 嘉永7年7月17日
人物: 暦
解説: 秋の始まり
タグ: 自然

本来の日付: 1854-08-08
追体験日付: 2028-08-08",,False
【1854年】開港地警備,08/12/2028,,08/12/2028,,True,"【1854-08-12の出来事を追体験】
和暦: 嘉永7年7月21日
人物: 幕府
解説: 外国人保護体制
タグ: 社会

本来の日付: 1854-08-12
追体験日付: 2028-08-12",,False
【1854年】盂蘭盆会,08/15/2028,,08/15/2028,,True,"【1854-08-15の出来事を追体験】
和暦: 嘉永7年7月24日
人物: 全国
解説: 先祖供養行事
タグ: 宗教

本来の日付: 1854-08-15
追体験日付: 2028-08-15",,False
【1854年】洋式練兵開始,08/20/2028,,08/20/2028,,True,"【1854-08-20の出来事を追体験】
和暦: 嘉永7年7月29日
人物: 諸藩
解説: 西洋式軍事訓練
タグ: 軍事

本来の日付: 1854-08-20
追体験日付: 2028-08-20",,False
【1854年】日英和親条約調印,08/23/2028,,08/23/2028,,True,"【1854-08-23の出来事を追体験】
和暦: 嘉永7年8月2日
人物: 幕府・英国
解説: 長崎・函館開港
タグ: 外交

本来の日付: 1854-08-23
追体験日付: 2028-08-23",,False
【1854年】処暑,08/30/2028,,08/30/2028,,True,"【1854-08-30の出来事を追体験】
和暦: 嘉永7年8月9日
人物: 暦
解説: 暑さ止む頃
タグ: 自然

本来の日付: 1854-08-30
追体験日付: 2028-08-30",,False
【1854年】長崎海軍伝習所設置準備,09/05/2028,,09/05/2028,,True,"【1854-09-05の出来事を追体験】
和暦: 嘉永7年8月15日
人物: 幕府
解説: オランダ式海軍教育
タグ: 軍事

本来の日付: 1854-09-05
追体験日付: 2028-09-05",,False
【1854年】白露,09/08/2028,,09/08/2028,,True,"【1854-09-08の出来事を追体験】
和暦: 嘉永7年8月18日
人物: 暦
解説: 露が降り始める
タグ: 自然

本来の日付: 1854-09-08
追体験日付: 2028-09-08",,False
【1854年】台風被害,09/12/2028,,09/12/2028,,True,"【1854-09-12の出来事を追体験】
和暦: 嘉永7年8月22日
人物: 関東
解説: 風水害発生
タグ: 災害

本来の日付: 1854-09-12
追体験日付: 2028-09-12",,False
【1854年】各藩洋学推進,09/15/2028,,09/15/2028,,True,"【1854-09-15の出来事を追体験】
和暦: 嘉永7年8月25日
人物: 諸藩
解説: 西洋学問導入加速
タグ: 学問

本来の日付: 1854-09-15
追体験日付: 2028-09-15",,False
【1854年】秋分,09/23/2028,,09/23/2028,,True,"【1854-09-23の出来事を追体験】
和暦: 嘉永7年9月3日
人物: 暦
解説: 昼夜平分
タグ: 自然

本来の日付: 1854-09-23
追体験日付: 2028-09-23",,False
【1854年】外交体制整備,09/30/2028,,09/30/2028,,True,"【1854-09-30の出来事を追体験】
和暦: 嘉永7年9月10日
人物: 幕府
解説: 対外関係部門強化
タグ: 政治

本来の日付: 1854-09-30
追体験日付: 2028-09-30",,False
【1854年】長崎海軍伝習所設置決定,10/01/2028,,10/01/2028,,True,"【1854-10-01の出来事を追体験】
和暦: 嘉永7年9月11日
人物: 幕府
解説: 本格海軍教育機関
タグ: 軍事

本来の日付: 1854-10-01
追体験日付: 2028-10-01",,False
【1854年】寒露,10/08/2028,,10/08/2028,,True,"【1854-10-08の出来事を追体験】
和暦: 嘉永7年9月18日
人物: 暦
解説: 冷たい露降りる
タグ: 自然

本来の日付: 1854-10-08
追体験日付: 2028-10-08",,False
【1854年】プチャーチン下田で日露交渉,10/14/2028,,10/14/2028,,True,"【1854-10-14の出来事を追体験】
和暦: 嘉永7年9月24日
人物: プチャーチン
解説: 国境画定交渉開始
タグ: 外交

本来の日付: 1854-10-14
追体験日付: 2028-10-14",,False
【1854年】日露交渉進展,10/20/2028,,10/20/2028,,True,"【1854-10-20の出来事を追体験】
和暦: 嘉永7年9月30日
人物: 川路聖謨
解説: 千島・樺太問題協議
タグ: 外交

本来の日付: 1854-10-20
追体験日付: 2028-10-20",,False
【1854年】霜降,10/24/2028,,10/24/2028,,True,"【1854-10-24の出来事を追体験】
和暦: 嘉永7年10月4日
人物: 暦
解説: 霜降り始める
タグ: 自然

本来の日付: 1854-10-24
追体験日付: 2028-10-24",,False
【1854年】海軍近代化計画,10/31/2028,,10/31/2028,,True,"【1854-10-31の出来事を追体験】
和暦: 嘉永7年10月11日
人物: 幕府
解説: 海軍力強化方針
タグ: 軍事

本来の日付: 1854-10-31
追体験日付: 2028-10-31",,False
【1854年】立冬,11/07/2028,,11/07/2028,,True,"【1854-11-07の出来事を追体験】
和暦: 嘉永7年10月18日
人物: 暦
解説: 冬の始まり
タグ: 自然

本来の日付: 1854-11-07
追体験日付: 2028-11-07",,False
【1854年】洋学所設立準備,11/15/2028,,11/15/2028,,True,"【1854-11-15の出来事を追体験】
和暦: 嘉永7年10月26日
人物: 幕府
解説: 西洋学研究機関計画
タグ: 学問

本来の日付: 1854-11-15
追体験日付: 2028-11-15",,False
【1854年】小雪,11/22/2028,,11/22/2028,,True,"【1854-11-22の出来事を追体験】
和暦: 嘉永7年11月3日
人物: 暦
解説: 雪降り始める
タグ: 自然

本来の日付: 1854-11-22
追体験日付: 2028-11-22",,False
【1854年】安政に改元,11/27/2028,,11/27/2028,,True,"【1854-11-27の出来事を追体験】
和暦: 嘉永7年11月8日
人物: 朝廷
解説: 新時代への転換
タグ: 政治

本来の日付: 1854-11-27
追体験日付: 2028-11-27",,False
【1854年】改元後政務,11/30/2028,,11/30/2028,,True,"【1854-11-30の出来事を追体験】
和暦: 安政元年11月11日
人物: 幕府
解説: 新元号での政治運営
タグ: 政治

本来の日付: 1854-11-30
追体験日付: 2028-11-30",,False
【1854年】日露交渉大詰め,12/05/2028,,12/05/2028,,True,"【1854-12-05の出来事を追体験】
和暦: 安政元年11月16日
人物: 川路聖謨
解説: 国境問題最終協議
タグ: 外交

本来の日付: 1854-12-05
追体験日付: 2028-12-05",,False
【1854年】大雪,12/07/2028,,12/07/2028,,True,"【1854-12-07の出来事を追体験】
和暦: 安政元年11月18日
人物: 暦
解説: 雪激しく降る
タグ: 自然

本来の日付: 1854-12-07
追体験日付: 2028-12-07",,False
【1854年】年末軍備点検,12/15/2028,,12/15/2028,,True,"【1854-12-15の出来事を追体験】
和暦: 安政元年11月26日
人物: 幕府
解説: 近代化進捗確認
タグ: 軍事

本来の日付: 1854-12-15
追体験日付: 2028-12-15",,False
【1854年】冬至,12/21/2028,,12/21/2028,,True,"【1854-12-21の出来事を追体験】
和暦: 安政元年12月2日
人物: 暦
解説: 昼最短の日
タグ: 自然

本来の日付: 1854-12-21
追体験日付: 2028-12-21",,False
【1854年】日露和親条約調印,12/23/2028,,12/23/2028,,True,"【1854-12-23の出来事を追体験】
和暦: 安政元年12月4日
人物: 幕府・ロシア
解説: 千島・樺太国境協定
タグ: 外交

本来の日付: 1854-12-23
追体験日付: 2028-12-23",,False
【1854年】嘉永7年/安政元年総括,12/31/2028,,12/31/2028,,True,"【1854-12-31の出来事を追体験】
和暦: 安政元年12月12日
人物: 幕閣
解説: 開国元年の総点検
タグ: 政治

本来の日付: 1854-12-31
追体験日付: 2028-12-31",,False
